<!--
 This library is free software; you can redistribute it and/or modify
 it under the terms of version 2.1 of the GNU Lesser General Public
 License as published by the Free Software Foundation.

 This library is distributed in the hope that it will be useful, but
 WITHOUT ANY WARRANTY; without even the implied warranty of
 MERCHANTABILITY or FITNESS FOR A PARTICULAR PURPOSE.  See the GNU
 Lesser General Public License for more details.

 You should have received a copy of the GNU Lesser General Public
 License along with this library; if not, write to the Free Software
 Foundation, Inc., 51 Franklin Street, Fifth Floor, Boston, MA 02110-1301
 USA.

 Copyright (C) 2011, 2012 Nicira, Inc.
-->

<collect>
    <command label="tc-class-show" filters="ovs">/usr/share/openvswitch/scripts/ovs-bugtool-tc-class-show</command>
    <command label="ovs-vsctl-show" filters="ovs">ovs-vsctl show</command>
    <command label="get_other_config" filters="ovs">ovs-vsctl --no-wait get Open_vSwitch . other_config</command>
    <command label="dump-ovsdb" filters="ovs">ovsdb-client -f csv dump unix:/var/run/openvswitch/db.sock Open_vSwitch</command>
    <command label="ovs-appctl-fdb-show" filters="ovs">/usr/share/openvswitch/scripts/ovs-bugtool-fdb-show</command>
    <command label="ovs-appctl-lacp-show" filters="ovs">ovs-appctl lacp/show</command>
    <command label="ovs-appctl-cfm-show" filters="ovs">ovs-appctl cfm/show</command>
    <command label="ovs-appctl-bfd-show" filters="ovs">ovs-appctl bfd/show</command>
    <command label="ovs-appctl-conntrack-dump" filters="ovs">ovs-appctl dpctl/dump-conntrack</command>
    <command label="ovs-appctl-coverage-show" filters="ovs">ovs-appctl coverage/show</command>
    <command label="ovs-appctl-bond-show" filters="ovs">ovs-appctl bond/show</command>
    <command label="ovs-appctl-memory-show" filters="ovs">ovs-appctl memory/show</command>
    <command label="ovs-appctl-dpif" filters="ovs">/usr/share/openvswitch/scripts/ovs-bugtool-ovs-appctl-dpif</command>
    <command label="ovs-appctl-list-dbs" filters="ovs">ovs-appctl -t ovsdb-server ovsdb-server/list-dbs</command>
    <command label="ovs-appctl-dpctl-dump-flows-netdev" filters="ovs" repeat="2">ovs-appctl dpctl/dump-flows netdev@ovs-netdev</command>
    <command label="ovs-appctl-dpctl-dump-flows-netdev-m" filters="ovs" repeat="2">ovs-appctl dpctl/dump-flows -m netdev@ovs-netdev</command>
    <command label="ovs-appctl-dpctl-dump-flows-system" filters="ovs" repeat="2">ovs-appctl dpctl/dump-flows system@ovs-system</command>
    <command label="ovs-appctl-dpctl-show-s" filters="ovs" repeat="2">ovs-appctl dpctl/show -s</command>
    <command label="ovs-ofctl-show" filters="ovs">/usr/share/openvswitch/scripts/ovs-bugtool-ovs-ofctl-loop-over-bridges "show"</command>
    <command label="ovs-ofctl-dump-flows" filters="ovs" repeat="2">/usr/share/openvswitch/scripts/ovs-bugtool-ovs-ofctl-loop-over-bridges "dump-flows"</command>
    <command label="ovs-ofctl-dump-ports" filters="ovs" repeat="2">/usr/share/openvswitch/scripts/ovs-bugtool-ovs-ofctl-loop-over-bridges "dump-ports"</command>
    <command label="ovs-ofctl-dump-groups" filters="ovs">/usr/share/openvswitch/scripts/ovs-bugtool-ovs-ofctl-loop-over-bridges "dump-groups"</command>
    <command label="ovs-ofctl-dump-group-stats" filters="ovs" repeat="2">/usr/share/openvswitch/scripts/ovs-bugtool-ovs-ofctl-loop-over-bridges "dump-group-stats"</command>
    <command label="ovs-ofctl-dump-tlv-map" filters="ovs" repeat="2">/usr/share/openvswitch/scripts/ovs-bugtool-ovs-ofctl-loop-over-bridges "dump-tlv-map"</command>
    <command label="get_dpdk_nic_numa" filters="ovs">/usr/share/openvswitch/scripts/ovs-bugtool-get-dpdk-nic-numa</command>
    <command label="get_device_stats" filters="ovs">ip -s -s link show</command>
    <command label="get_port_stats" filters="ovs">/usr/share/openvswitch/scripts/ovs-bugtool-get-port-stats</command>
</collect>
